{
  "crowd_baseline_diagnostic": {
    "all_lines_retention_window": {
      "n": 7934,
      "roi_mean": 0.041921159528238584,
      "roi_ci95": [
        0.024165434712375717,
        0.06022459871013188
      ],
      "by_market_type": {
        "moneyline": {
          "n": 1349,
          "roi_mean": -0.0011190767387487803,
          "roi_ci95": [
            -0.05083334591471606,
            0.04915384342331231
          ]
        },
        "total": {
          "n": 6585,
          "roi_mean": 0.05073836206797526,
          "roi_ci95": [
            0.03126238701934546,
            0.06946115675016262
          ]
        }
      }
    },
    "primary_lines(max_stake_dedup)": {
      "n": 2594,
      "roi_mean": -0.0008195530471366593,
      "roi_ci95": [
        -0.03570766354946363,
        0.033917725828778715
      ],
      "by_market_type": {
        "moneyline": {
          "n": 1349,
          "roi_mean": -0.0011190767387487803,
          "roi_ci95": [
            -0.05083334591471606,
            0.04915384342331231
          ]
        },
        "total": {
          "n": 1245,
          "roi_mean": -0.0004950089025706039,
          "roi_ci95": [
            -0.05210065825157565,
            0.0534703731014846
          ]
        }
      }
    },
    "alternate_lines(all)": {
      "n": 5340,
      "roi_mean": 0.06268322103020926,
      "roi_ci95": [
        0.04272994649669982,
        0.08223957837975249
      ],
      "by_market_type": {
        "total": {
          "n": 5340,
          "roi_mean": 0.06268322103020926,
          "roi_ci95": [
            0.04272994649669982,
            0.08223957837975249
          ]
        }
      }
    }
  },
  "h5": {
    "n": 4035,
    "auc_flow_only": 0.6167601494622501,
    "auc_flow_plus_depth": 0.6153566158539105,
    "auc_delta": -0.0014035336083395578,
    "auc_delta_ci95": [
      -0.0032032910720130145,
      0.0025604042376766428
    ],
    "depth_coef": 0.06972812880994349,
    "depth_coef_ci95": [
      -0.015906357540128636,
      0.1544642399899928
    ],
    "flow_coef_in_both_model": 0.5540338799375544,
    "univariate_corr_depth_vs_win": 0.14266328101558273,
    "verdict_depth_adds_signal": false
  },
  "executability": {
    "cohorts": {
      "alt_line": {
        "n_total_signal_markets": 1588,
        "zero_slippage": {
          "n": 1586,
          "roi_mean": 0.04692849402389501,
          "roi_ci95": [
            0.008995898851135994,
            0.08203512771916345
          ]
        },
        "stake_50": {
          "n_fillable": 1469,
          "fill_coverage": 0.9250629722921915,
          "roi_mean": -0.018760320198884285,
          "roi_ci95": [
            -0.05386892456724664,
            0.017897773954149935
          ]
        },
        "stake_200": {
          "n_fillable": 1402,
          "fill_coverage": 0.8828715365239295,
          "roi_mean": -0.01445385166338538,
          "roi_ci95": [
            -0.05111103639661421,
            0.022126489419692103
          ]
        },
        "stake_1000": {
          "n_fillable": 1261,
          "fill_coverage": 0.7940806045340051,
          "roi_mean": -0.010999535981444283,
          "roi_ci95": [
            -0.05105740851115771,
            0.028588219943013336
          ]
        },
        "by_market_type": {
          "total": {
            "n_total_signal_markets": 1588,
            "zero_slippage": {
              "n": 1586,
              "roi_mean": 0.04692849402389501,
              "roi_ci95": [
                0.008995898851135994,
                0.08203512771916345
              ]
            },
            "stake_50": {
              "n_fillable": 1469,
              "fill_coverage": 0.9250629722921915,
              "roi_mean": -0.018760320198884285,
              "roi_ci95": [
                -0.05386892456724664,
                0.017897773954149935
              ]
            },
            "stake_200": {
              "n_fillable": 1402,
              "fill_coverage": 0.8828715365239295,
              "roi_mean": -0.01445385166338538,
              "roi_ci95": [
                -0.05111103639661421,
                0.022126489419692103
              ]
            },
            "stake_1000": {
              "n_fillable": 1261,
              "fill_coverage": 0.7940806045340051,
              "roi_mean": -0.010999535981444283,
              "roi_ci95": [
                -0.05105740851115771,
                0.028588219943013336
              ]
            }
          }
        }
      },
      "primary": {
        "n_total_signal_markets": 2447,
        "zero_slippage": {
          "n": 2441,
          "roi_mean": -0.0010320494859884228,
          "roi_ci95": [
            -0.03673822356154215,
            0.03373521705663838
          ]
        },
        "stake_50": {
          "n_fillable": 2446,
          "fill_coverage": 0.9995913363302003,
          "roi_mean": -0.014515527598169015,
          "roi_ci95": [
            -0.05081419136567382,
            0.020563128862778144
          ]
        },
        "stake_200": {
          "n_fillable": 2423,
          "fill_coverage": 0.9901920719248059,
          "roi_mean": -0.014634770286854684,
          "roi_ci95": [
            -0.048748347930523885,
            0.02229230842556438
          ]
        },
        "stake_1000": {
          "n_fillable": 2413,
          "fill_coverage": 0.9861054352268084,
          "roi_mean": -0.016610426001519494,
          "roi_ci95": [
            -0.05070140588342642,
            0.018170275816122055
          ]
        },
        "by_market_type": {
          "moneyline": {
            "n_total_signal_markets": 1270,
            "zero_slippage": {
              "n": 1268,
              "roi_mean": -0.002129685225155245,
              "roi_ci95": [
                -0.05239477153353447,
                0.04951965965768338
              ]
            },
            "stake_50": {
              "n_fillable": 1270,
              "fill_coverage": 1.0,
              "roi_mean": -0.015850651038654864,
              "roi_ci95": [
                -0.0630206517938305,
                0.032881381516288465
              ]
            },
            "stake_200": {
              "n_fillable": 1247,
              "fill_coverage": 0.9818897637795275,
              "roi_mean": -0.015178932603094634,
              "roi_ci95": [
                -0.0631356857621396,
                0.03472153959602586
              ]
            },
            "stake_1000": {
              "n_fillable": 1237,
              "fill_coverage": 0.974015748031496,
              "roi_mean": -0.01646890775536897,
              "roi_ci95": [
                -0.06564326433095703,
                0.031902924316466436
              ]
            }
          },
          "total": {
            "n_total_signal_markets": 1177,
            "zero_slippage": {
              "n": 1173,
              "roi_mean": 0.0001544825832899355,
              "roi_ci95": [
                -0.05116292090877631,
                0.05339112116258684
              ]
            },
            "stake_50": {
              "n_fillable": 1176,
              "fill_coverage": 0.9991503823279524,
              "roi_mean": -0.013073685107168147,
              "roi_ci95": [
                -0.06696674480073654,
                0.039954137888837005
              ]
            },
            "stake_200": {
              "n_fillable": 1176,
              "fill_coverage": 0.9991503823279524,
              "roi_mean": -0.014057754633494809,
              "roi_ci95": [
                -0.06785190413669534,
                0.0390316999740963
              ]
            },
            "stake_1000": {
              "n_fillable": 1176,
              "fill_coverage": 0.9991503823279524,
              "roi_mean": -0.01675928490499585,